Pacote recebido;Arquivo preservado;Bytes;Largura;Altura;SHA256;Substituído pelo envio separado
DLD Fotos Oficiais 1(3).rar;fotos-1/DLD Fotos Oficiais 1/DLD Fotos Oficiais (1).jpg;3497536;2160;2700;db47922ec0953447d802f67fb187de89cce33923fc9ced8f75b62c8595734c3b;não
DLD Fotos Oficiais 1(3).rar;fotos-1/DLD Fotos Oficiais 1/DLD Fotos Oficiais (10).jpg;2495060;2160;2700;dc35bf81d8d0b730b138cc5d8e247592254818a1b350a8ec0c80656c4d5957c6;não
DLD Fotos Oficiais 1(3).rar;fotos-1/DLD Fotos Oficiais 1/DLD Fotos Oficiais (100).jpg;3039120;2160;2700;688e9ea0808ac2bc3b9edbc55f0355820b771a5f9fd3cabc5a9a6172cba7a663;não
DLD Fotos Oficiais 1(3).rar;fotos-1/DLD Fotos Oficiais 1/DLD Fotos Oficiais (103).jpg;3610558;2160;2700;b652e2866cddc3dbb1504bb09480154b1177be398a7ddd89d26cd204925afa94;não
DLD Fotos Oficiais 1(3).rar;fotos-1/DLD Fotos Oficiais 1/DLD Fotos Oficiais (104).jpg;4182894;2160;2700;53641948cacdad803fed50c607def2f2bcfa8b7bbfda9d01a3caa33226c7fd51;não
DLD Fotos Oficiais 1(3).rar;fotos-1/DLD Fotos Oficiais 1/DLD Fotos Oficiais (105).jpg;3148311;2160;2700;aadc9734294ef7cf592eea3d442d8663e6b421cfc9bee15748598383379e2c79;não
DLD Fotos Oficiais 1(3).rar;fotos-1/DLD Fotos Oficiais 1/DLD Fotos Oficiais (106).jpg;2141529;2160;2700;b4f389fd5e26161f0f39f5c0b6a333b6749b712ef6d4992fea9f286534512c26;não
DLD Fotos Oficiais 1(3).rar;fotos-1/DLD Fotos Oficiais 1/DLD Fotos Oficiais (107).jpg;2264140;2160;2700;b33e2613220e892662927545049e832918cdb85fddc149ce7ffdf009691ac7c6;não
DLD Fotos Oficiais 1(3).rar;fotos-1/DLD Fotos Oficiais 1/DLD Fotos Oficiais (109).jpg;3739479;2160;2700;5581d5fb23940d2904ccc6bf433c1a4de009c90f1006f4312113781633eaed39;não
DLD Fotos Oficiais 1(3).rar;fotos-1/DLD Fotos Oficiais 1/DLD Fotos Oficiais (11).jpg;2678949;2160;2700;9f746058342851bc1eb8f7a0677c0955edd592cba2b0d8db0025dc14b8682ef1;não
DLD Fotos Oficiais 1(3).rar;fotos-1/DLD Fotos Oficiais 1/DLD Fotos Oficiais (111).jpg;3665431;2160;2700;b9b7cb493f976f8f915df1c45da61703f2791d1100b3ba1f94ed20e65f003083;não
DLD Fotos Oficiais 1(3).rar;fotos-1/DLD Fotos Oficiais 1/DLD Fotos Oficiais (12).jpg;3578261;2160;2700;298489da339c53869c2e9389b9c78e17f15848e806badff909145ace1a60f03a;não
DLD Fotos Oficiais 1(3).rar;fotos-1/DLD Fotos Oficiais 1/DLD Fotos Oficiais (14).jpg;4110309;2160;2700;ec63a127211989ef1321be6ee1c2fe37a58f71033d2f8a3ce68be5380fc61f78;não
DLD Fotos Oficiais 1(3).rar;fotos-1/DLD Fotos Oficiais 1/DLD Fotos Oficiais (15).jpg;3685434;2160;2700;d9b228996a049bcc47feab3639b86c91962bd13c48d374e0ec3dbd087c999a1a;não
DLD Fotos Oficiais 1(3).rar;fotos-1/DLD Fotos Oficiais 1/DLD Fotos Oficiais (16).jpg;2598519;2160;2700;4122b3dcc5a572614550035eee34ada01ba37c11216061de812144bf7ea9e537;não
DLD Fotos Oficiais 1(3).rar;fotos-1/DLD Fotos Oficiais 1/DLD Fotos Oficiais (17).jpg;3381805;2160;2700;d24ca0447faebc4a40cb8b372baa97705efc907ed628114da77eb99db121d17e;não
DLD Fotos Oficiais 1(3).rar;fotos-1/DLD Fotos Oficiais 1/DLD Fotos Oficiais (18).jpg;4413526;2160;2700;a40669fa0e860c773b05b74fce4685cb08dc2dd806e2130f9be49e5b816c4978;não
DLD Fotos Oficiais 1(3).rar;fotos-1/DLD Fotos Oficiais 1/DLD Fotos Oficiais (19).jpg;3719180;2160;2700;177dd1a44372ea3cdc5af95e97c83b36702612460ae2d70a8c196d507ab9f6e0;não
DLD Fotos Oficiais 1(3).rar;fotos-1/DLD Fotos Oficiais 1/DLD Fotos Oficiais (2).jpg;3583746;2160;2700;1bf281f49dd6fd317daff29dd05afe8325d900738e12a36e4666b728a758dad0;não
DLD Fotos Oficiais 1(3).rar;fotos-1/DLD Fotos Oficiais 1/DLD Fotos Oficiais (20).jpg;3299739;2160;2700;2b95fc8543d0f16b942135d56fbf187d6ea3a1dbdec462af62309b04fb88842a;não
DLD Fotos Oficiais 1(3).rar;fotos-1/DLD Fotos Oficiais 1/DLD Fotos Oficiais (21).jpg;2816067;2160;2700;0328753f7ea812c8ab72cce0419e8d100d31f20ce234c0f3b78efebbda2bf952;não
DLD Fotos Oficiais 1(3).rar;fotos-1/DLD Fotos Oficiais 1/DLD Fotos Oficiais (22).jpg;3172046;2160;2700;cd27da2be100673b1d6566104428ba8e36885a04d6146fb8274a216da37ddc81;não
DLD Fotos Oficiais 1(3).rar;fotos-1/DLD Fotos Oficiais 1/DLD Fotos Oficiais (23).jpg;2135507;2160;2700;0dd439d04b93b4a99e3c0cdc864742102244cebaf3b7850c0029b42377696765;não
DLD Fotos Oficiais 1(3).rar;fotos-1/DLD Fotos Oficiais 1/DLD Fotos Oficiais (24).jpg;3576326;2160;2700;88ee4b0b1480e2b7b617bad13f9a9cd148fe637bc3285d33610e75bf16db7924;não
DLD Fotos Oficiais 1(3).rar;fotos-1/DLD Fotos Oficiais 1/DLD Fotos Oficiais (25).jpg;4150050;2160;2700;d8bbea41a2fe6b601a1c8e8423b287c97519df8a2c43600feb5099a92b3851fd;não
DLD Fotos Oficiais 1(3).rar;fotos-1/DLD Fotos Oficiais 1/DLD Fotos Oficiais (26).jpg;3980843;2160;2700;003165aced7eae4cfa4ac92fdb9ccefa72205cd9ec006773793e4f4a37026c52;não
DLD Fotos Oficiais 1(3).rar;fotos-1/DLD Fotos Oficiais 1/DLD Fotos Oficiais (27).jpg;3427783;2160;2700;d1290dbfb84f6148af3142c9f1011a1fb581da982a0f458d456facbbbb0fd858;não
DLD Fotos Oficiais 1(3).rar;fotos-1/DLD Fotos Oficiais 1/DLD Fotos Oficiais (28).jpg;4265984;2160;2700;2df58327f842598a9c7652509204408157fd66b2b85466d2b5b67b5cf8bf243e;não
DLD Fotos Oficiais 1(3).rar;fotos-1/DLD Fotos Oficiais 1/DLD Fotos Oficiais (29).jpg;3881162;2160;2700;a95c81ff58ac9aead20e970c4fe67c1a0eef4d7dd9231162be31b3c1d3aa1b86;não
DLD Fotos Oficiais 1(3).rar;fotos-1/DLD Fotos Oficiais 1/DLD Fotos Oficiais (3).jpg;2533482;2160;2700;0a65ba86675c65da3508f0c983c1da89c3ce7fb7c61caee289ac5de17573432f;não
DLD Fotos Oficiais 1(3).rar;fotos-1/DLD Fotos Oficiais 1/DLD Fotos Oficiais (30).jpg;3615874;2160;2700;62b8637877428fedeccbeba9631c05920262cccd37e0dad2823ed4672e8c3fb1;não
DLD Fotos Oficiais 1(3).rar;fotos-1/DLD Fotos Oficiais 1/DLD Fotos Oficiais (31).jpg;3367888;2160;2700;8eb40a61c7814c86af82fd41f5a8c13ebed8e1b69ecea3415290b3382e67b8e3;não
DLD Fotos Oficiais 1(3).rar;fotos-1/DLD Fotos Oficiais 1/DLD Fotos Oficiais (32).jpg;3601722;2160;2700;da2268acd3abd16c3aef8a1df9d78e0695109d66bf1cf006f63368ca148298de;não
DLD Fotos Oficiais 1(3).rar;fotos-1/DLD Fotos Oficiais 1/DLD Fotos Oficiais (33).jpg;3055366;2160;2700;f823d395295af8d160765a759281eca432007ec8bcdfee8a5ac74b0189e2c93d;não
DLD Fotos Oficiais 1(3).rar;fotos-1/DLD Fotos Oficiais 1/DLD Fotos Oficiais (34).jpg;3403379;2160;2700;f9a22a9b97213222bfe4ee0e508c9991fcabd189146f05d821cad791c79ad889;não
DLD Fotos Oficiais 1(3).rar;fotos-1/DLD Fotos Oficiais 1/DLD Fotos Oficiais (35).jpg;3354043;2160;2700;686340c13470bbcf6270cc56f687139b821b60af5a944b38c1b945af9b0ea08a;não
DLD Fotos Oficiais 1(3).rar;fotos-1/DLD Fotos Oficiais 1/DLD Fotos Oficiais (36).jpg;3559869;2160;2700;7ee54d474a2aae993babaa09ed677b78e82871d4377b292c0a9ca6b9b68483a3;não
DLD Fotos Oficiais 1(3).rar;fotos-1/DLD Fotos Oficiais 1/DLD Fotos Oficiais (37).jpg;3711060;2160;2700;adf6df1d9917d0c10c835c92038bca7a671e23b4deecd4ef62d3e670d3a35a0e;não
DLD Fotos Oficiais 1(3).rar;fotos-1/DLD Fotos Oficiais 1/DLD Fotos Oficiais (38).jpg;3647916;2160;2700;64a7fbf95af577dcba7e01dab309d61b2c17e851b62c84a1283bbf2b8afd2d53;não
DLD Fotos Oficiais 1(3).rar;fotos-1/DLD Fotos Oficiais 1/DLD Fotos Oficiais (39).jpg;3706893;2160;2700;e2024f4b668fd9179d19635c7e6e73b1f7292d157bd35c5dc2d9179ec1cf6b81;não
DLD Fotos Oficiais 1(3).rar;fotos-1/DLD Fotos Oficiais 1/DLD Fotos Oficiais (4).jpg;3488637;2160;2700;df47a5418c4ad988a24ee7d20aa2644ae7517c531175e2eb560b2e2395d0e429;não
DLD Fotos Oficiais 1(3).rar;fotos-1/DLD Fotos Oficiais 1/DLD Fotos Oficiais (40).jpg;3494245;2160;2700;9c29dd71809b64a82607e74d0b033236036913be04e0ae83997773544e8184c4;não
DLD Fotos Oficiais 1(3).rar;fotos-1/DLD Fotos Oficiais 1/DLD Fotos Oficiais (41).jpg;2719357;2160;2700;d84eb9a5fed251c4005c204576c6ca302616f1963d9077a54c2357a77e7dfb42;não
DLD Fotos Oficiais 1(3).rar;fotos-1/DLD Fotos Oficiais 1/DLD Fotos Oficiais (42).jpg;2788632;2160;2700;91a76a30eb89d8cedfbbcc4154f7c612507e231187fc5321763a1c63e690108e;não
DLD Fotos Oficiais 1(3).rar;fotos-1/DLD Fotos Oficiais 1/DLD Fotos Oficiais (43).jpg;3170769;2160;2700;998cf41ec348b356bc1b5fd365bf0e607610772789ed96da3d943d13d76d7df6;não
DLD Fotos Oficiais 1(3).rar;fotos-1/DLD Fotos Oficiais 1/DLD Fotos Oficiais (44).jpg;3466012;2160;2700;0712efdd40f08399c6488421e2a0916e2e13a2f8a46887cbadda7f9777181bcc;não
DLD Fotos Oficiais 1(3).rar;fotos-1/DLD Fotos Oficiais 1/DLD Fotos Oficiais (45).jpg;3861580;2160;2700;432ce856052b7adf27595d04f5d82131e548841c1221763b04fd2f0af9626e93;não
DLD Fotos Oficiais 1(3).rar;fotos-1/DLD Fotos Oficiais 1/DLD Fotos Oficiais (46).jpg;3435189;2160;2700;5fb4521a1abb6f26bda704e3cbbc7d15161eb7fb34afb1262f3337a45521c05f;não
DLD Fotos Oficiais 1(3).rar;fotos-1/DLD Fotos Oficiais 1/DLD Fotos Oficiais (47).jpg;3814579;2160;2700;4aa21f860f6e9cd7d74ff1c313d3ee7023c169f53f68e8de9cc5b7a994e187d0;não
DLD Fotos Oficiais 1(3).rar;fotos-1/DLD Fotos Oficiais 1/DLD Fotos Oficiais (48).jpg;5085010;2160;2700;f8122f709329281324c8d9668df23613515c629406c2509de28104807c29f0d4;não
DLD Fotos Oficiais 1(3).rar;fotos-1/DLD Fotos Oficiais 1/DLD Fotos Oficiais (49).jpg;3680803;2160;2700;50a262d4f5340e83a7419940939275a2c470bc51ab018248a279a5648da422ca;não
DLD Fotos Oficiais 1(3).rar;fotos-1/DLD Fotos Oficiais 1/DLD Fotos Oficiais (5).jpg;3537092;2160;2700;34abb3b932db546c7c3a5c44e08660e8fc5e66cdabf62eefa317ab24d7e26b33;não
DLD Fotos Oficiais 1(3).rar;fotos-1/DLD Fotos Oficiais 1/DLD Fotos Oficiais (50).jpg;3865742;2160;2700;261a7793a9f5c841b586ac2fd2001cfaae8e2d7fbe449867383b6218ff42f79d;não
DLD Fotos Oficiais 1(3).rar;fotos-1/DLD Fotos Oficiais 1/DLD Fotos Oficiais (51).jpg;3828816;2160;2700;d467768c977257315ea784c246ea31d2dc89ade00a9ad5cbd34cfbd2435db8d9;não
DLD Fotos Oficiais 1(3).rar;fotos-1/DLD Fotos Oficiais 1/DLD Fotos Oficiais (52).jpg;3894928;2160;2700;399e150582ac4312954520781e025eb790400f8dc2f9dad462605ccf8e8cf01f;não
DLD Fotos Oficiais 1(3).rar;fotos-1/DLD Fotos Oficiais 1/DLD Fotos Oficiais (53).jpg;3193566;2160;2700;58e255c86a202c6b81877b2e50617278add85096fb658791c989a0e2e6d77ded;não
DLD Fotos Oficiais 1(3).rar;fotos-1/DLD Fotos Oficiais 1/DLD Fotos Oficiais (54).jpg;2604515;2160;2700;4e362a5a089255c5803c313b98e17675b5fa2c5bbc012d5ebbc928b852d51837;não
DLD Fotos Oficiais 1(3).rar;fotos-1/DLD Fotos Oficiais 1/DLD Fotos Oficiais (55).jpg;2845138;2160;2700;39f5bfc31d0add1eeded5f57a0ff02e21c6bed4d4a2ac30acd8ac7367784aaba;não
DLD Fotos Oficiais 1(3).rar;fotos-1/DLD Fotos Oficiais 1/DLD Fotos Oficiais (56).jpg;2463652;2160;2700;d0607a89161c8dea90d76d3c73f9578381212edc9189251cf6a82df58d67d0ff;não
DLD Fotos Oficiais 1(3).rar;fotos-1/DLD Fotos Oficiais 1/DLD Fotos Oficiais (57).jpg;2688241;2160;2700;c44e701f1aef6da5bad3d6d7968d874389b701fa4c526c00478debeb6f72afb5;não
DLD Fotos Oficiais 1(3).rar;fotos-1/DLD Fotos Oficiais 1/DLD Fotos Oficiais (58).jpg;2272337;2160;2700;df73ccf959e98175bea563007177dccb7b5b818e29dced1ec84526497fd3de79;não
DLD Fotos Oficiais 1(3).rar;fotos-1/DLD Fotos Oficiais 1/DLD Fotos Oficiais (59).jpg;4618171;2160;2700;516e0f27724a1035e17bb31c9021c041391e8cc2ba9a07872512ef38d265448b;não
DLD Fotos Oficiais 1(3).rar;fotos-1/DLD Fotos Oficiais 1/DLD Fotos Oficiais (6).jpg;1984939;2160;2700;2e9048fd956dfeab9d40a0c4bb5c136217a3b84265830028e53d68eb6b00c127;não
DLD Fotos Oficiais 1(3).rar;fotos-1/DLD Fotos Oficiais 1/DLD Fotos Oficiais (60).jpg;4138767;2160;2700;b6bd4d75efb7356fd9120d8c5c6f07d9b99acde6fca52a246ed6e9f9df6affc7;não
DLD Fotos Oficiais 1(3).rar;fotos-1/DLD Fotos Oficiais 1/DLD Fotos Oficiais (61).jpg;3734169;2160;2700;bf85213c8e04772403cc9f9187ad0b82327f2f67253e3d10b24e40f6958a56f9;não
DLD Fotos Oficiais 1(3).rar;fotos-1/DLD Fotos Oficiais 1/DLD Fotos Oficiais (62).jpg;3897854;2160;2700;dad966bb8979b202230f492d7025f394f6394d0b7382bddef66e578bd4eeac2c;não
DLD Fotos Oficiais 1(3).rar;fotos-1/DLD Fotos Oficiais 1/DLD Fotos Oficiais (63).jpg;4120196;2160;2700;6b9a451630f345709edcbc35bae1a2b0579dcceebee2e656c3dd37c1f9d41033;não
DLD Fotos Oficiais 1(3).rar;fotos-1/DLD Fotos Oficiais 1/DLD Fotos Oficiais (64).jpg;3679540;2160;2700;5846cd6766ac70ba0c910bbddb03094be45ab0b2a9c9a93e7657ffe49a326590;não
DLD Fotos Oficiais 1(3).rar;fotos-1/DLD Fotos Oficiais 1/DLD Fotos Oficiais (65).jpg;3924801;2160;2700;7d506bedda6cb242ed7d155ae56d0f1acf29e2aa64f17c63a6c2a3afb95291e4;não
DLD Fotos Oficiais 1(3).rar;fotos-1/DLD Fotos Oficiais 1/DLD Fotos Oficiais (66).jpg;3849377;2160;2700;54300bbb377c78be1680bc89f86acb31d485086089069cd29a33af3f5c5b1f48;não
DLD Fotos Oficiais 1(3).rar;fotos-1/DLD Fotos Oficiais 1/DLD Fotos Oficiais (67).jpg;3926412;2160;2700;788e7d4ac2da1104e51b3d5bda64128472b8095b71247bbe3b7198d4792e39ad;não
DLD Fotos Oficiais 1(3).rar;fotos-1/DLD Fotos Oficiais 1/DLD Fotos Oficiais (69).jpg;2103514;2160;2700;9a08952668b3d87ec33b2e4b42532581dcf71fc247e836fce5acb0eaf5d08ec3;não
DLD Fotos Oficiais 1(3).rar;fotos-1/DLD Fotos Oficiais 1/DLD Fotos Oficiais (7).jpg;2120407;2160;2700;562d022ddae9ba1831544d518db8ea5453f743f109d459f5556f7af18c749383;não
DLD Fotos Oficiais 1(3).rar;fotos-1/DLD Fotos Oficiais 1/DLD Fotos Oficiais (70).jpg;2200060;2160;2700;f1316e1fd34e93d91846d00bdf10bc16dc2b8328611050eacccc6c9ee450b290;não
DLD Fotos Oficiais 1(3).rar;fotos-1/DLD Fotos Oficiais 1/DLD Fotos Oficiais (71).jpg;2395290;2160;2700;72e9347bfdd55a3e199a51d93ec8c6d2cefa1eb7a18ce8ead5e48f16ce34f89c;não
DLD Fotos Oficiais 1(3).rar;fotos-1/DLD Fotos Oficiais 1/DLD Fotos Oficiais (72).jpg;3433855;2160;2700;139b3fa5daf85e02e6380200f6b8330f54c2633cd4228f158981e6f495ab0f3d;não
DLD Fotos Oficiais 1(3).rar;fotos-1/DLD Fotos Oficiais 1/DLD Fotos Oficiais (73).jpg;3718366;2160;2700;d068623b0528d6ff3a0e308a2888e46b425f230870681cc4563f1d49cc18904b;não
DLD Fotos Oficiais 1(3).rar;fotos-1/DLD Fotos Oficiais 1/DLD Fotos Oficiais (75).jpg;1937039;2160;2700;bf310d7f7aa81c8eb4ed148071e302e72123b813995f479fcfb1ff339c5c7e16;não
DLD Fotos Oficiais 1(3).rar;fotos-1/DLD Fotos Oficiais 1/DLD Fotos Oficiais (76).jpg;4213215;2160;2700;5c853e0aed4bd9d5ca63dcb0fd028dc367fd1da94fc8554894ae3430c94f7104;não
DLD Fotos Oficiais 1(3).rar;fotos-1/DLD Fotos Oficiais 1/DLD Fotos Oficiais (78).jpg;2599403;2160;2700;af337ed9a073b5826755813b512bacc842cba2e9cb6cf104bd31d2fbfe77d65c;não
DLD Fotos Oficiais 1(3).rar;fotos-1/DLD Fotos Oficiais 1/DLD Fotos Oficiais (79).jpg;3043089;2160;2700;2d907f26a0499981ae1da4f31133721384fec169842999c6b039dedbaf2db4ff;não
DLD Fotos Oficiais 1(3).rar;fotos-1/DLD Fotos Oficiais 1/DLD Fotos Oficiais (8).jpg;2639527;2160;2700;f0848126ea8262d5858712e0f260a7e2c9207825417facbaab9a9653846dc452;não
DLD Fotos Oficiais 1(3).rar;fotos-1/DLD Fotos Oficiais 1/DLD Fotos Oficiais (80).jpg;2780280;2160;2700;da2aaba165ff0a61fe6d629327931f4647d0511cb71b60c32bc62c6218ccaf17;não
DLD Fotos Oficiais 1(3).rar;fotos-1/DLD Fotos Oficiais 1/DLD Fotos Oficiais (82).jpg;2949880;2160;2700;a927b8c75e57c25fb2447efa4f684f7a654aca6ee169c574ee79e00dadc56412;não
DLD Fotos Oficiais 1(3).rar;fotos-1/DLD Fotos Oficiais 1/DLD Fotos Oficiais (84).jpg;2684098;2160;2700;6f331b880fbb9170b1a3893f16f48ca2015771c8dfe9d6dcc6e3c522994cb431;não
DLD Fotos Oficiais 1(3).rar;fotos-1/DLD Fotos Oficiais 1/DLD Fotos Oficiais (86).jpg;3942232;2160;2700;d8ceb4f20cfd683eadf47de7f912cd87e5aa97d336902e54215d41e9cb77fc0c;não
DLD Fotos Oficiais 1(3).rar;fotos-1/DLD Fotos Oficiais 1/DLD Fotos Oficiais (87).jpg;1885161;2160;2700;258ff538aafd0a7c28ee4e96fe77e531fe6fc777eccb6286d85827b91b99c963;não
DLD Fotos Oficiais 1(3).rar;fotos-1/DLD Fotos Oficiais 1/DLD Fotos Oficiais (88).jpg;2289723;2160;2700;370c7cf75f9e92514fe43c38fb3095eab3987ec64bd6d3c50619ee9e54d5c4e6;não
DLD Fotos Oficiais 1(3).rar;fotos-1/DLD Fotos Oficiais 1/DLD Fotos Oficiais (89).jpg;2009194;2160;2700;ac1d74fed3d67eda6e48a36df4a9c8fff88c304a52b04493af81a3f620ab49d6;não
DLD Fotos Oficiais 1(3).rar;fotos-1/DLD Fotos Oficiais 1/DLD Fotos Oficiais (9).jpg;2241178;2160;2700;801ced80796347b6e2c34228ff66c933a8fcf291188e85c75d204c60171d5b20;não
DLD Fotos Oficiais 1(3).rar;fotos-1/DLD Fotos Oficiais 1/DLD Fotos Oficiais (90).jpg;1741509;2160;2700;04b5cce5c92ec8456d8db73c10998833682339d078dd8840fdb68ee2c6991912;não
DLD Fotos Oficiais 1(3).rar;fotos-1/DLD Fotos Oficiais 1/DLD Fotos Oficiais (91).jpg;3803404;2160;2700;434cd1cbcfc1100cb4cc72ed242b4e6d91638bec380ec2984a472fb252c56da1;não
DLD Fotos Oficiais 1(3).rar;fotos-1/DLD Fotos Oficiais 1/DLD Fotos Oficiais (92).jpg;3696096;2160;2700;26ed2043ba900e012ff9b08c56a482e58dca638056301cc8b49c7199e3997765;não
DLD Fotos Oficiais 1(3).rar;fotos-1/DLD Fotos Oficiais 1/DLD Fotos Oficiais (93).jpg;2693472;2160;2700;55ade663b5db49e080c2cc930bd4758e32d49f32063646f35dde94bd668e7060;não
DLD Fotos Oficiais 1(3).rar;fotos-1/DLD Fotos Oficiais 1/DLD Fotos Oficiais (95).jpg;4258002;2160;2700;5975c297ac89bfa7a7a8154b6e2cb625a2f76f5ded4bf6caceb3321261a86796;não
DLD Fotos Oficiais 1(3).rar;fotos-1/DLD Fotos Oficiais 1/DLD Fotos Oficiais (96).jpg;3876434;2160;2700;f6dd8f46c152b2178789297b9655fb5567315f7378784e126a3ecb3fe7818f4e;não
DLD Fotos Oficiais 1(3).rar;fotos-1/DLD Fotos Oficiais 1/DLD Fotos Oficiais (97).jpg;3898114;2160;2700;7af3d35942e35224fe4bc634c92b129aed7d4b25e955b5d2ace7757be5e676cc;não
DLD Fotos Oficiais 1(3).rar;fotos-1/DLD Fotos Oficiais 1/DLD Fotos Oficiais (98).jpg;3101595;2160;2700;1919094152730658789161a505bd9c0b06245f3a22b88e2e430074697c5fad04;não
DLD Fotos Oficiais 1(3).rar;fotos-1/DLD Fotos Oficiais 1/DLD Fotos Oficiais (99).jpg;4785660;2160;2700;7d1ff174ee5ad897c8d4f66ebb818f5940675265368c46e58afc6872243ca292;não
DLD Fotos Oficiais 2(1).rar;fotos-2/DLD Fotos Oficiais 2/Fotos Horizontais (1).jpg;4996050;3840;2160;3d22005671dbf9d1a7f5bf852e85de6afc796bbd4f0b11ff11450be9a8ab8e95;não
DLD Fotos Oficiais 2(1).rar;fotos-2/DLD Fotos Oficiais 2/Fotos Horizontais (10).jpg;4071718;3840;2160;34f4cd88558a7e8505e20e64abec49e5932f8aea6b973e8795075ca6cd9d4c7c;não
DLD Fotos Oficiais 2(1).rar;fotos-2/DLD Fotos Oficiais 2/Fotos Horizontais (11).jpg;5132862;3840;2160;7577b38f3044fe64d0d45c371b5a52dc9b5800145b3f051d13a5b2e2209050f2;não
DLD Fotos Oficiais 2(1).rar;fotos-2/DLD Fotos Oficiais 2/Fotos Horizontais (12).jpg;4752355;3840;2160;3c4544171dcd97b1afdae248ce0cff4a91a933f54e2ed235b55dcbb7dd731948;não
DLD Fotos Oficiais 2(1).rar;fotos-2/DLD Fotos Oficiais 2/Fotos Horizontais (13).jpg;4657967;3840;2160;55dfc53dee6cec6f58de771fd7e44294016daf519f5afb9f2881e264b2302246;não
DLD Fotos Oficiais 2(1).rar;fotos-2/DLD Fotos Oficiais 2/Fotos Horizontais (15).jpg;6420274;3840;2160;d0df2630c6e4c6b29641877994b3caed6f71ab9ac1447a524142d980d0bb00d3;não
DLD Fotos Oficiais 2(1).rar;fotos-2/DLD Fotos Oficiais 2/Fotos Horizontais (16).jpg;3337936;3840;2160;97c97bf903174dabd157a3c9bd468899e624138f9c9cc281145e8bab9bd19ddd;não
DLD Fotos Oficiais 2(1).rar;fotos-2/DLD Fotos Oficiais 2/Fotos Horizontais (17).jpg;3441893;3840;2160;a8af8306f5fd982f96b792b4d3824833cc804d7f97adda51c6b3d4ff034ba50c;não
DLD Fotos Oficiais 2(1).rar;fotos-2/DLD Fotos Oficiais 2/Fotos Horizontais (18).jpg;4051958;3840;2160;3fcb5c70c06e1ecbd49ae1adf53cd7c4e779096f59e539c2d41d4666ca51af90;não
DLD Fotos Oficiais 2(1).rar;fotos-2/DLD Fotos Oficiais 2/Fotos Horizontais (19).jpg;3207611;3840;2160;e284f8bad1f0de4ec2367f07c70e74aa7c469dd1ae196c4e8f42f312fd441c2f;não
DLD Fotos Oficiais 2(1).rar;fotos-2/DLD Fotos Oficiais 2/Fotos Horizontais (2).jpg;5490129;3840;2160;b5acc0803470364dad6fd70e167c2c1c2eaa6efc73a3b5df8cb148eb37b6cfb0;não
DLD Fotos Oficiais 2(1).rar;fotos-2/DLD Fotos Oficiais 2/Fotos Horizontais (20).jpg;3084442;3840;2160;c5736f361a1a1d3fd97347100f2682e3ed333bdc3ae0ace9eb45fbf7626e7a65;não
DLD Fotos Oficiais 2(1).rar;fotos-2/DLD Fotos Oficiais 2/Fotos Horizontais (21).jpg;3879770;3840;2160;be0af80ed2b9dcf09755fa4c64dcf746a50ee2ec8a84abdda9d95304015acb19;não
DLD Fotos Oficiais 2(1).rar;fotos-2/DLD Fotos Oficiais 2/Fotos Horizontais (22).jpg;6033935;3840;2160;a69d311a54791a611027820fb2eda5ffe5e94c49de12e92cbe7322e150ef6f46;não
DLD Fotos Oficiais 2(1).rar;fotos-2/DLD Fotos Oficiais 2/Fotos Horizontais (23).jpg;3410586;3840;2160;d4a44d482aea9ece66f14a6ee0c4b3df09a3cfee8fc28c7625e905cefb1a2882;não
DLD Fotos Oficiais 2(1).rar;fotos-2/DLD Fotos Oficiais 2/Fotos Horizontais (24).jpg;2664822;3840;2160;fb6b08c7ac49f59f65f5c4b617475f2c57ca0ff3ce01f093780f81017b7790a2;não
DLD Fotos Oficiais 2(1).rar;fotos-2/DLD Fotos Oficiais 2/Fotos Horizontais (25).jpg;4040271;3840;2160;4bfb283b187033ca3f5845ef6a439550d2eb4c62a85b3120cc5f1875416bcadd;não
DLD Fotos Oficiais 2(1).rar;fotos-2/DLD Fotos Oficiais 2/Fotos Horizontais (26).jpg;4993732;3840;2160;2650b59ba79c0749cdf6281e3dd93bc85b0e555d314ce04f220d77bd87bcf5b1;não
DLD Fotos Oficiais 2(1).rar;fotos-2/DLD Fotos Oficiais 2/Fotos Horizontais (3).jpg;937466;2048;1152;f5df996e230734c598bd32a42f6031a9ce7de8c41606843acbcb7048dd4e3723;sim
DLD Fotos Oficiais 2(1).rar;fotos-2/DLD Fotos Oficiais 2/Fotos Horizontais (30).jpg;3652607;3840;2160;c5ae5d35bba2598daf0ab762457e7a7ca4bf265d8a6478ccceff03aefcf90c5d;não
DLD Fotos Oficiais 2(1).rar;fotos-2/DLD Fotos Oficiais 2/Fotos Horizontais (31).jpg;4117033;3840;2160;3ef5d12278eeabbb364fb74d3fd62e05786988d687d4065e846b7e529c6f0d1e;não
DLD Fotos Oficiais 2(1).rar;fotos-2/DLD Fotos Oficiais 2/Fotos Horizontais (32).jpg;3876813;3840;2160;ca4ae126b65cb3d59d6c39feab6c3fa810141992ae491baaf11cb02f481ee1bd;não
DLD Fotos Oficiais 2(1).rar;fotos-2/DLD Fotos Oficiais 2/Fotos Horizontais (33).jpg;3923905;3840;2160;288954b10bd10028e47fba6a8d0052861c995bffa887e8cead6b5bb62e26bdde;não
DLD Fotos Oficiais 2(1).rar;fotos-2/DLD Fotos Oficiais 2/Fotos Horizontais (34).jpg;2680397;3840;2160;6321058061cb8ff4255a3ef2f14577383512fb893e720cf9cad38a2784b916ef;não
DLD Fotos Oficiais 2(1).rar;fotos-2/DLD Fotos Oficiais 2/Fotos Horizontais (35).jpg;4360299;3840;2160;e0b034c2dc31278f0991bfbcfbb517e97db1fc3fc0d0428104de8762c4f65df2;não
DLD Fotos Oficiais 2(1).rar;fotos-2/DLD Fotos Oficiais 2/Fotos Horizontais (36).jpg;3403610;3840;2160;c52ab003c313bb9915610ca6ea133c37aac46bb32e6b2581179d0ca882c0b868;não
DLD Fotos Oficiais 2(1).rar;fotos-2/DLD Fotos Oficiais 2/Fotos Horizontais (37).jpg;3542457;3840;2160;f310ae6ea394ec167cf658c7473cb26d82dc5975cc6c16bf0a0a77d15f9decb3;não
DLD Fotos Oficiais 2(1).rar;fotos-2/DLD Fotos Oficiais 2/Fotos Horizontais (38).jpg;4372142;3840;2160;c557dfbc281a04766ea69b06bbc45f2149bb5c183650e2daa1c70d605b0baffc;não
DLD Fotos Oficiais 2(1).rar;fotos-2/DLD Fotos Oficiais 2/Fotos Horizontais (39).jpg;4726133;3840;2160;0374f1c58421e9fe60bc8bc79a1b3986bfb334ca601214b4aecb02b0e62aa481;não
DLD Fotos Oficiais 2(1).rar;fotos-2/DLD Fotos Oficiais 2/Fotos Horizontais (4).jpg;5262439;3840;2160;6ab539de2d33ff356fbcb76193a45700672dd817c06805dd8f6e7403a0e97c25;não
DLD Fotos Oficiais 2(1).rar;fotos-2/DLD Fotos Oficiais 2/Fotos Horizontais (40).jpg;5061101;3840;2160;7247c0074322c5d626135f105bdf849d559553aa76d39d2bc5abfdbb76d87108;não
DLD Fotos Oficiais 2(1).rar;fotos-2/DLD Fotos Oficiais 2/Fotos Horizontais (5).jpg;5068072;3840;2160;593df7838862699868e370c50aa4a2ddaec14cf2812a1576927f115f354e9a16;não
DLD Fotos Oficiais 2(1).rar;fotos-2/DLD Fotos Oficiais 2/Fotos Horizontais (6).jpg;4298919;3840;2160;c2f38dc3871f65ed3fae467a57160840839c34705d5a39b585391ac35bb92a39;não
DLD Fotos Oficiais 2(1).rar;fotos-2/DLD Fotos Oficiais 2/Fotos Horizontais (7).jpg;5510756;3840;2160;d3763d8e5720f708051ad27d75861a99f7b08548e81bff326ab1c4c7bbd5a703;não
DLD Fotos Oficiais 2(1).rar;fotos-2/DLD Fotos Oficiais 2/Fotos Horizontais (8).jpg;6749049;3840;2160;e9063bce32b46e9c270036e44762aaef74fd7a3ad75c7c718384f1d7475fb682;não
DLD Fotos Oficiais 2(1).rar;fotos-2/DLD Fotos Oficiais 2/Fotos Horizontais (9).jpg;5375498;3840;2160;1a5d064b0f185041f0a3ee94751eea98bc7d82fffa22792ecba912264a8d8fe4;não
DLD Fotos Oficiais 3(5).rar;fotos-3/DLD Fotos Oficiais 3/DLD Fotos Oficais Verticais_0000_0.jpg;1368755;1080;1920;fa233247c20a9711f7cb13146bf2de88d2491539c86edbd2bed7c3768ed53525;não
DLD Fotos Oficiais 3(5).rar;fotos-3/DLD Fotos Oficiais 3/DLD Fotos Oficais Verticais_0000_1.jpg;1585495;1080;1920;3bad1a8ac2b25d8b9dc55af4498443e27f610604ea6164089db875d871adf43b;não
DLD Fotos Oficiais 3(5).rar;fotos-3/DLD Fotos Oficiais 3/DLD Fotos Oficais Verticais_0001_IMG_20260829_171711.jpg;1318362;1080;1920;e813de071392fa6efe435101ced40d6d9ed03de36fcc80c46e42b57bc3999a0f;não
DLD Fotos Oficiais 3(5).rar;fotos-3/DLD Fotos Oficiais 3/DLD Fotos Oficais Verticais_0002_IMG_20260801_114708.jpg;1918393;1080;1920;62865e9ee6ebe6d59456a327bcd64e2b873ae934e7778c80679f6ea6c00f5627;não
DLD Fotos Oficiais 3(5).rar;fotos-3/DLD Fotos Oficiais 3/DLD Fotos Oficais Verticais_0003_20260705_103317.jpg;1512352;1080;1920;efb769d5bcdbad3f8e570e9b982e2ad016ecff669d53683de61bacf14b5a138f;não
DLD Fotos Oficiais 3(5).rar;fotos-3/DLD Fotos Oficiais 3/DLD Fotos Oficais Verticais_0004_IMG_20260717_141418_1.jpg.jpg;1226898;1080;1920;6b59170ad686792bc374f62203132c4e8d49769b74069a06958315962a50ed29;não
DLD Fotos Oficiais 3(5).rar;fotos-3/DLD Fotos Oficiais 3/DLD Fotos Oficais Verticais_0005_IMG_20260716_144455_1.jpg.jpg;1343088;1080;1920;659881530b8edf04562d96562e083163910f78fd5a62a8f17bba658ec03422ac;não
DLD Fotos Oficiais 3(5).rar;fotos-3/DLD Fotos Oficiais 3/DLD Fotos Oficais Verticais_0006_IMG_20260711_120413.jpg;1609904;1080;1920;5a02a16b6efdf2458cb361bcc54617cd65a5efd8bc9429ec6caa3f27b0b97ff7;não
DLD Fotos Oficiais 3(5).rar;fotos-3/DLD Fotos Oficiais 3/DLD Fotos Oficais Verticais_0007_IMG_20260711_120317.jpg;1904237;1080;1920;2512dfd08bcd1b23f4e5f069d1cd4ba566b6f2f163f06b750ad2ef14122230c3;não
DLD Fotos Oficiais 3(5).rar;fotos-3/DLD Fotos Oficiais 3/DLD Fotos Oficais Verticais_0008_IMG_20260703_145829.jpg.jpg;1272890;1080;1920;0e46eb4782e1e26cc902ea168d1d90f35e1a426f5ccdc43597dcd5218cef2863;não
DLD Fotos Oficiais 3(5).rar;fotos-3/DLD Fotos Oficiais 3/DLD Fotos Oficais Verticais_0009_2.jpg;1123397;1080;1920;413de52a1d7f2be6f9f1649f2ec17aa163a534047731ac69b9ea4158eb3c7682;não
DLD Fotos Oficiais 3(5).rar;fotos-3/DLD Fotos Oficiais 3/DLD Fotos Oficais Verticais_0010_Foto_1043.jpg;1705299;1080;1920;24d9187a624939475c2d9e27785a3765cb3b08bba00e106b8f34086fa8a3127c;não
DLD Fotos Oficiais 3(5).rar;fotos-3/DLD Fotos Oficiais 3/DLD Fotos Oficais Verticais_0011_Foto_1040.jpg;1490429;1080;1920;10c4347642a7cf514617bd020fa0a6efd1a1728c53cfcda33b038b64e29f4384;não
DLD Fotos Oficiais 3(5).rar;fotos-3/DLD Fotos Oficiais 3/DLD Fotos Oficais Verticais_0012_Foto_1029.jpg;1444336;1080;1920;3c79d8fc55796e3380cef0032bb9ae079a7724e13a7b6cf11cc1a6772c067093;não
DLD Fotos Oficiais 3(5).rar;fotos-3/DLD Fotos Oficiais 3/DLD Fotos Oficais Verticais_0013_Foto_1028.jpg;1449023;1080;1920;fd1d7a6137477ecb1a02452d9d92e25f184c6fd166277045ff906340b9ae901f;não
DLD Fotos Oficiais 3(5).rar;fotos-3/DLD Fotos Oficiais 3/DLD Fotos Oficais Verticais_0014_Foto_1026.jpg;1491177;1080;1920;345862de02daf4bffb1c6430d8d4081db1f7ea326e403245739446935aa9970e;não
DLD Fotos Oficiais 3(5).rar;fotos-3/DLD Fotos Oficiais 3/DLD Fotos Oficais Verticais_0015_Foto_1025.jpg;1692767;1080;1920;6166842eb48f689a9478c3c535bec8102cf3a021e29bfd59dbf25cb65424e783;não
DLD Fotos Oficiais 3(5).rar;fotos-3/DLD Fotos Oficiais 3/DLD Fotos Oficais Verticais_0016_Foto_1023.jpg;1536384;1080;1920;3395d8b8602ce49b582c2b41fbec17c3db5ea47ea82213b6e300c51baf49d23c;não
DLD Fotos Oficiais 3(5).rar;fotos-3/DLD Fotos Oficiais 3/DLD Fotos Oficais Verticais_0017_Foto_1020.jpg;1532441;1080;1920;f85a94f29776739e2be060d3fdff975079f2680cf1c84a35c3f2280a62ba61fc;não
DLD Fotos Oficiais 3(5).rar;fotos-3/DLD Fotos Oficiais 3/DLD Fotos Oficais Verticais_0018_Foto_1018.jpg;1486935;1080;1920;2a419ff9704978e3aaebbdb8cc5c5474f4ec486a5e548c3d59e24f2063fd0e0a;não
DLD Fotos Oficiais 3(5).rar;fotos-3/DLD Fotos Oficiais 3/DLD Fotos Oficais Verticais_0019_Foto_1017.jpg;1387879;1080;1920;649005c77a93ea36f286e0fbf4a437e6760dfe29a33272e2ea30741abb36f0c5;não
DLD Fotos Oficiais 3(5).rar;fotos-3/DLD Fotos Oficiais 3/DLD Fotos Oficais Verticais_0020_Foto_1014.jpg;1548873;1080;1920;471e48393acfbd0294455bba1614d13e9c705636f69d89298b02d30038ff50e6;não
DLD Fotos Oficiais 3(5).rar;fotos-3/DLD Fotos Oficiais 3/DLD Fotos Oficais Verticais_0021_Foto_1010.jpg;1460182;1080;1920;3ff65956cecb7b76fbf3da677c175fbbef14a769d66549d37dd24c17f7878b92;não
DLD Fotos Oficiais 3(5).rar;fotos-3/DLD Fotos Oficiais 3/DLD Fotos Oficais Verticais_0022_Foto_1009.jpg;1484288;1080;1920;881cc16e620f85428002811399cc3f2c727646193e86d56d805bc53f5bc618e9;não
DLD Fotos Oficiais 3(5).rar;fotos-3/DLD Fotos Oficiais 3/DLD Fotos Oficais Verticais_0023_Foto_1005.jpg;1499851;1080;1920;76f6704bb8eb71032322b694004e4900d7cacc9de1a5e44185268de764b3ab39;não
DLD Fotos Oficiais 3(5).rar;fotos-3/DLD Fotos Oficiais 3/DLD Fotos Oficais Verticais_0024_Foto_1004.jpg;1415988;1080;1920;870c47626479b1cf31af18de20c5920fe8ee0aa2e1eeb68f06652a352188e605;não
DLD Fotos Oficiais 3(5).rar;fotos-3/DLD Fotos Oficiais 3/DLD Fotos Oficais Verticais_0025_Foto_1001.jpg;1491350;1080;1920;5b6ff0f9f04ea65df8344ad415c015d3b8f3b9ac5e49c551492d8dd01e4221e8;não
DLD Fotos Oficiais 3(5).rar;fotos-3/DLD Fotos Oficiais 3/DLD Fotos Oficais Verticais_0026_Foto_1076.jpg;1831999;1080;1920;4241c837e83e21ab609a595ef2b76495cb0cf3130918f497dcc6480033a85aca;não
DLD Fotos Oficiais 3(5).rar;fotos-3/DLD Fotos Oficiais 3/DLD Fotos Oficais Verticais_0027_Foto_1085.jpg;1005719;1080;1920;83d4c3f5959d7c3216c5bb4ced10d6950992802353a43683fb9e1b05e71178d8;não
DLD Fotos Oficiais 3(5).rar;fotos-3/DLD Fotos Oficiais 3/DLD Fotos Oficais Verticais_0028_Foto_1078.jpg;1124062;1080;1920;e0318625474b33f4e4a4157668a70928e0611dfca1cf8211c9b4e3e13b95da39;não
DLD Fotos Oficiais 3(5).rar;fotos-3/DLD Fotos Oficiais 3/DLD Fotos Oficais Verticais_0029_Foto_1077.jpg;1425936;1080;1920;04e3003a657bd3f619e2e57af9e23f9e7bb4d558b3b3a69f5699ee79bbc00fa3;não
DLD Fotos Oficiais 3(5).rar;fotos-3/DLD Fotos Oficiais 3/DLD Fotos Oficais Verticais_0030_Foto_1065.jpg;1049032;1080;1920;0695e5d67a791bbb949218381e6cfae70a8ab762bbfad8044e47a88da429abd8;não
DLD Fotos Oficiais 3(5).rar;fotos-3/DLD Fotos Oficiais 3/DLD Fotos Oficais Verticais_0031_Foto_1062.jpg;1226916;1080;1920;78d1cb5d3f9cb2fd357cab37d53b5c5807300022ffb8912daec0429d043072ad;não
DLD Fotos Oficiais 3(5).rar;fotos-3/DLD Fotos Oficiais 3/DLD Fotos Oficais Verticais_0033_Foto_1058.jpg;1236337;1080;1920;187b6b1bd0abd4a8b1ac505d674d5d3000ebce221288aeb66febe9d641996ee1;não
DLD Fotos Oficiais 3(5).rar;fotos-3/DLD Fotos Oficiais 3/DLD Fotos Oficais Verticais_0034_IMG_20260705_121739_049.jpg;918867;1080;1920;6e5204ece48df9ea4e86f16fa01a51dc226216c42fc924ae20592ee02b317e48;não
DLD Fotos Oficiais 3(5).rar;fotos-3/DLD Fotos Oficiais 3/DLD Fotos Oficais Verticais_0035_IMG_20260705_121734_334.jpg;866826;1080;1920;3e91392c6abdd3e25892386798aa569a3d39c3c5864b338f412390c0da3a21c6;não
DLD Fotos Oficiais 3(5).rar;fotos-3/DLD Fotos Oficiais 3/DLD Fotos Oficais Verticais_0036_657046972_1446343407217401_6599117525029241568_n.jpg;1369698;1080;1920;299fb326764cab2cc05dd66836c45ba4a6a11f6268507207da13acc7641dc2e6;não
DLD Fotos Oficiais 3(5).rar;fotos-3/DLD Fotos Oficiais 3/DLD Fotos Oficais Verticais_0037_657846471_1446159027173780_8797003067798701450_n.jpg;1418484;1080;1920;976dba61df663df559c4ec4311f12c5e345b2c13428096cef39b8e95a2c0c51f;não
DLD Fotos Oficiais 3(5).rar;fotos-3/DLD Fotos Oficiais 3/DLD Fotos Oficais Verticais_0038_657064114_957569483403006_4780728560529710391_n.jpg;1297609;1080;1920;a666770a973eb7b6c3a302b521b9c5ad440e3e163e446abbccac10ec84586fb0;não
DLD Fotos Oficiais 3(5).rar;fotos-3/DLD Fotos Oficiais 3/DLD Fotos Oficais Verticais_0039_20260412_195556.jpg;1525772;1080;1920;24715631df5b861de37399c3f4a9751b8abfa31a69f766833eb8c5e9b04edc3e;não
DLD Fotos Oficiais 3(5).rar;fotos-3/DLD Fotos Oficiais 3/DLD Fotos Oficais Verticais_0040_IMG_20260412_195537.jpg;1650155;1080;1920;e9592076226f074e3bf77f469eccc4eb8aedac08a981feb543cae92cbf3e51ca;não
DLD Fotos Oficiais 3(5).rar;fotos-3/DLD Fotos Oficiais 3/DLD Fotos Oficais Verticais_0041_IMG_20260412_162514.jpg;1658514;1080;1920;df6829f87e6d8cabfb4c9bedc8eecd529224eb95a10da5579bf9d15cd84ae777;não
DLD Fotos Oficiais 3(5).rar;fotos-3/DLD Fotos Oficiais 3/DLD Fotos Oficais Verticais_0042_20260329_130717.jpg;1712307;1080;1920;c16b44ed821d1f489a90d773dea5e204f2674a53495f8b1511f8226d03c8a8b7;não
DLD Fotos Oficiais 3(5).rar;fotos-3/DLD Fotos Oficiais 3/DLD Fotos Oficais Verticais_0043_IMG_20260221_130857.jpg;1858866;1080;1920;5884b64328b76ed82d24d76f9c8389b04d86a2f2ac266915a6aa6d796b69f831;não
DLD Fotos Oficiais 3(5).rar;fotos-3/DLD Fotos Oficiais 3/DLD Fotos Oficais Verticais_0044_IMG_20260728_211645_898.jpg;792800;1080;1920;06c7b9a9ad872bcdd85e3a96b11c6b2ab57ea1fc9e0122f4504dfbfdecdfebb5;não
DLD Fotos Oficiais 3(5).rar;fotos-3/DLD Fotos Oficiais 3/DLD Fotos Oficais Verticais_0045_Foto_1055.jpg;1259709;1080;1920;1482e848fa47c9c460fe49d8bc7601064e011fa557cff2926b2b8e1d26bd3da6;não
DLD Fotos Oficiais 3(5).rar;fotos-3/DLD Fotos Oficiais 3/DLD Fotos Oficais Verticais_0046_Foto_1052.jpg;1346540;1080;1920;2594227c4f72cf4ce233b8bdd774a817bd63a39c9dafbd81a989b843247eddcc;não
DLD Fotos Oficiais 3(5).rar;fotos-3/DLD Fotos Oficiais 3/DLD Fotos Oficais Verticais_0047_20251231_202522.jpg;1750899;1080;1920;811902be622cbf5221c33fa8c2c8c4a502dd4fecbc6d495993edf38a57bd5097;não
DLD Fotos Oficiais 3(5).rar;fotos-3/DLD Fotos Oficiais 3/DLD Fotos Oficais Verticais_0048_Foto_1047.jpg;1660349;1080;1920;d500f9f60703eb331be0bb1e6b38bbec8c1b6ad0c22045f511cfaa0f5651126b;não
DLD Fotos Oficiais 3(5).rar;fotos-3/DLD Fotos Oficiais 3/DLD Fotos Oficais Verticais_0049_Foto_1017.jpg;1520951;1080;1920;8156e43f58cdf07e5768977fb1fe6f98bda837da4e1c643cf1a7e7d1478571f4;não
DLD Fotos Oficiais 3(5).rar;fotos-3/DLD Fotos Oficiais 3/DLD Fotos Oficais Verticais_0050_Foto_1013.jpg;1306471;1080;1920;aa41323cb90bffd354ef97350ae8f7aaae638de2bcd60753ab8aae6fdfb40eb4;não
DLD Fotos Oficiais 3(5).rar;fotos-3/DLD Fotos Oficiais 3/DLD Fotos Oficais Verticais_0051_Foto_1006.jpg;1294773;1080;1920;76e7a79dfe5568489ec2c94fe1236db7ace05bfa61e0f683635d4e7f9f0e1984;não
DLD Fotos Oficiais 3(5).rar;fotos-3/DLD Fotos Oficiais 3/DLD Fotos Oficais Verticais_0052_Foto_1005.jpg;1326079;1080;1920;f08de62a1c6e7f0a3e109517847f894e75fd72cc2ff8414b1f77f271828bdc4b;não
DLD Fotos Oficiais 3(5).rar;fotos-3/DLD Fotos Oficiais 3/DLD Fotos Oficais Verticais_0053_Foto_1002.jpg;1717387;1080;1920;f88d49001eebd68a1e2b8de34c88af4667ff8376bcb21440019d60a47c4a12a5;não
DLD Fotos Oficiais 3(5).rar;fotos-3/DLD Fotos Oficiais 3/DLD Fotos Oficais Verticais_0054_Foto_1043.jpg;1494740;1080;1920;94f12e256b599f06f2175fa04b080412d1d2ce3644685e1ce65eda64b023b1a7;não
DLD Fotos Oficiais 3(5).rar;fotos-3/DLD Fotos Oficiais 3/DLD Fotos Oficais Verticais_0055_Foto_1039.jpg;1739462;1080;1920;3c18d26eff1024c5ec0650c4068059aca8f25eb8a80213700c52d63a35ce8c24;não
DLD Fotos Oficiais 3(5).rar;fotos-3/DLD Fotos Oficiais 3/DLD Fotos Oficais Verticais_0056_Foto_1036.jpg;1463191;1080;1920;b2a57b6edd39f5a7715d92e016a36791d044e9629a3c0d7d22530fd7f2e99b4c;não
DLD Fotos Oficiais 3(5).rar;fotos-3/DLD Fotos Oficiais 3/DLD Fotos Oficais Verticais_0057_Foto_1031.jpg;1827008;1080;1920;230efcde8facad44a406967fee3b10b03f2c24025f84887c17abd3e63e5c7bc7;não
DLD Fotos Oficiais 3(5).rar;fotos-3/DLD Fotos Oficiais 3/DLD Fotos Oficais Verticais_0058_Foto_1029.jpg;2019874;1080;1920;9c1fb4085e24396ce1b9e95b1e7d9cfdc26f4b48815aa1d979190e07046d64c3;não
DLD Fotos Oficiais 3(5).rar;fotos-3/DLD Fotos Oficiais 3/DLD Fotos Oficais Verticais_0059_Foto_1027.jpg;1606638;1080;1920;5b5f90df66ff0d27d5c5d24d852db511a03814a3fe62b2a19fe9f1a431621e90;não
DLD Fotos Oficiais 3(5).rar;fotos-3/DLD Fotos Oficiais 3/DLD Fotos Oficais Verticais_0060_Foto_003.jpg;1059409;1080;1920;4114e10a3f18d28683ab8bc2a860f212d7682996f35192894c3d8e9046627040;não
DLD Fotos Oficiais 3(5).rar;fotos-3/DLD Fotos Oficiais 3/DLD Fotos Oficais Verticais_0061_IMG_20180428_121048648.jpg;1443474;1080;1920;b4ba825dfb2fbaf37d27a4e8f00e15b4d13187c27be6338d9eacf6436fb529b3;não
DLD Fotos Oficiais 3(5).rar;fotos-3/DLD Fotos Oficiais 3/DLD Fotos Oficais Verticais_0062_IMG_20180428_111316519.jpg;1424047;1080;1920;010895564bd1ac060a688b1e58bc32291098fce03b14ca18ef092589fd3fea65;não
DLD Fotos Oficiais 3(5).rar;fotos-3/DLD Fotos Oficiais 3/DLD Fotos Oficais Verticais_0063_Foto_026.jpg;1118339;1080;1920;ee363d88adcdef60407c8c3027c76e4eec9165529747af6a6493487bbd3764cc;não
DLD Fotos Oficiais 3(5).rar;fotos-3/DLD Fotos Oficiais 3/DLD Fotos Oficais Verticais_0064_Foto_018.jpg;955399;1080;1920;e50ed5bbd8abe6bb334e29a1a699b05adbc639318ae65667ede08283876e1402;não
DLD Fotos Oficiais 3(5).rar;fotos-3/DLD Fotos Oficiais 3/DLD Fotos Oficais Verticais_0065_Foto_015.jpg;1318953;1080;1920;81c6afe7b2236ec87dec150acda311e107070f44bba70a9f14435a9f5d4125f3;não
DLD Fotos Oficiais 3(5).rar;fotos-3/DLD Fotos Oficiais 3/DLD Fotos Oficais Verticais_0066_Foto_013.jpg;1663564;1080;1920;755eba66017eaaae290c080f429a734ddb6de869a4f871396e3a5c83f0e4394b;não
DLD Fotos Oficiais 3(5).rar;fotos-3/DLD Fotos Oficiais 3/DLD Fotos Oficais Verticais_0067_4.jpg;825719;1080;1920;0b90b04b70dd9d30812a20e74ea34deb65de54b3394d0b0c12d79ee7b0026045;não
DLD Fotos Oficiais 3(5).rar;fotos-3/DLD Fotos Oficiais 3/DLD Fotos Oficais Verticais_0068_3.jpg;862581;1080;1920;be473afc61b68dbc077512130aba0bda5a53fddbf776c44816ad19cdd7280496;não
DLD Fotos Oficiais 3(5).rar;fotos-3/DLD Fotos Oficiais 3/DLD Fotos Oficais Verticais_0069_3.jpg;1440528;1080;1920;be01eb32551e6369f9e0e4bf98c50716a522f9f245ceb4e404328e92cc788631;não
DLD Fotos Oficiais 3(5).rar;fotos-3/DLD Fotos Oficiais 3/DLD Fotos Oficais Verticais_0070_3.jpg;1243623;1080;1920;29273744cd3bd056782c514d2e227501f71c6fae576a18ae2332d3208d4a1f85;não
DLD Fotos Oficiais 3(5).rar;fotos-3/DLD Fotos Oficiais 3/DLD Fotos Oficais Verticais_0071_3.jpg;1317027;1080;1920;eb23bf1889daee414bf680b93083470f53dc3414edc80c4cbe9ad01c2f4b2c92;não
Sublogos Projetos.rar;sublogos-projetos/Sublogos Projetos/1 Sublogo DLD Projetos.png;3294115;3362;4806;c263ad82dfccecf8266b8605713c881525c6389e5dfdabc89310546ef711ff30;não
Sublogos Projetos.rar;sublogos-projetos/Sublogos Projetos/10 Sublogo DLD Sua Voz.png;760413;4991;1102;118bdde4084514feed1dcf6f419f38071e461cecc8ed8d83fb7b071d6ba2cf3f;não
Sublogos Projetos.rar;sublogos-projetos/Sublogos Projetos/11 Sublogo DLD Ação Social.png;1469149;4941;4646;9ccb3c7ba616f2516355238d0d8f4078a198bb31cb22e29208b1892396e85b67;não
Sublogos Projetos.rar;sublogos-projetos/Sublogos Projetos/12 Subogo Black DLD Friday.png;662938;5000;999;ac2efdb543325b86bdc0e81425d14ce4ef776b50e2ef9b5ef271bac2d06b0b98;não
Sublogos Projetos.rar;sublogos-projetos/Sublogos Projetos/13 Sublogo DLD Empresarial de Natal.png;2985495;4816;4878;c1d7453d4c3dd7cdd42074b4ece4368a536ab53f3cf3c45863f4e572b7310bcc;não
Sublogos Projetos.rar;sublogos-projetos/Sublogos Projetos/14 Sublogo Natal em Ação DLD.png;1461824;2637;4907;1fa6008d9d9180040629262c6eef16bf21345b3de66d4c3c1030fd3578966cbf;não
Sublogos Projetos.rar;sublogos-projetos/Sublogos Projetos/15 Sublogo Manu Tal Só Para Baixinhos.png;427973;4000;1576;5f7982aaa8ce27cd6ed465d5646de23979c871bc2bcfda8a808af4a7835424a4;não
Sublogos Projetos.rar;sublogos-projetos/Sublogos Projetos/16 Subogo DLD Contos e Vozes.png;2250440;4944;4049;8b322db3bd3da9253952daac63c6956bfb68c1978de20a49144cdd35a7e72a9a;não
Sublogos Projetos.rar;sublogos-projetos/Sublogos Projetos/17 Subogo DLD Ao Vivo.png;381619;4923;1106;e24025ecdf12ceec91f86c224459b4698640be776776cd534a328cbf1d4c4796;não
Sublogos Projetos.rar;sublogos-projetos/Sublogos Projetos/18 Subogo DLD Institucional e Corporativo.png;2391968;5000;2980;8e37f2c94424996c46f5bd4fbb17b167ec32a97e6299a072a675c711ddca0e2a;não
Sublogos Projetos.rar;sublogos-projetos/Sublogos Projetos/19 Subogo Luz, Câmera e AnimAção DLD.png;940805;4978;3578;99db440e60093f123e94a6fba3bd41139cdbea1f4bc477b3b700b201643a7861;não
Sublogos Projetos.rar;sublogos-projetos/Sublogos Projetos/2 Sublogo DLD Logomarcas.png;3413973;4930;4930;879a9c22cdb9f149543af2ef338589ca0b502dc6f2f5663b0a2d68f66388280e;não
Sublogos Projetos.rar;sublogos-projetos/Sublogos Projetos/20 DLD Inaugurações Profissionais.png;752321;4912;1196;a2714b47907e362fc91fd3513d5aa77537ad15d46b7ec52c63761042f135dcd9;não
Sublogos Projetos.rar;sublogos-projetos/Sublogos Projetos/21 DLD Contos e Vozes Apoio Cultural.png;3669229;4695;4955;f5a38690ec1cbc28242a6cd010f90780e45951001b9b26cc7beb275e7d5cbe36;não
Sublogos Projetos.rar;sublogos-projetos/Sublogos Projetos/22 DLD Histórias e Diversão.png;7279579;4934;4215;ab17ae753bfbf8a139a09a82736b321c3ebdd65d5e61ac6435fa516073e7e3d5;não
Sublogos Projetos.rar;sublogos-projetos/Sublogos Projetos/3 Sublogo DLD Carro de Som.png;3270158;4410;4951;f216683dee1a98c9db16c320be1dbb3b1027e838ca771b9b9860df9667a12cea;não
Sublogos Projetos.rar;sublogos-projetos/Sublogos Projetos/4 Sublogo DLD Planos e Pacotes.png;1366768;4624;4569;86155c72d81a014cd2e5c4bc6a5bc083d922bf4c37405cd94b82eee767563628;não
Sublogos Projetos.rar;sublogos-projetos/Sublogos Projetos/5 Sublogo DLD e Seu Negócio 1 2025.png;2370410;4005;4898;9820b4acd7ed0268c15c0eaf32608535e62c4f4bd41697fbdaf03d23c56f7569;não
Sublogos Projetos.rar;sublogos-projetos/Sublogos Projetos/6 Sublogo DLD Combos.png;1554810;4793;4141;b4ef33a7e362c821b06cb70401ab5bc1f666024bc1b7d196dafea10bd99d16b5;não
Sublogos Projetos.rar;sublogos-projetos/Sublogos Projetos/7 Subogo Show de Loja DLD.png;12721529;4505;4995;70210f0d1b496e2fa052e322764c3524cbc55e588da0548de99a1fe131265609;não
Sublogos Projetos.rar;sublogos-projetos/Sublogos Projetos/8 Sublogo Lojas em Destaque DLD.png;5288663;4963;4484;4f21e9af7ba097e710de8bd65c92bb0a119db5e9cfd6309b9c412501c274325a;não
Sublogos Projetos.rar;sublogos-projetos/Sublogos Projetos/9 Sublogo DLD Campanhas 2.png;812891;3999;4964;6dca8258a83f049b6150bb752f538478c80c5fea336ead9a3ce1fd8e16512945;não
Sublogos Trabalhos Oficiais(1).rar;sublogos-trabalhos/10 Comunicação Visual.png;629151;3958;1236;f7a5dd0f20ff1644bd1a79b7c96e0efacd5879d58f97bcb6bcd3266dc7eff708;não
Sublogos Trabalhos Oficiais(1).rar;sublogos-trabalhos/1 MC.png;4026824;2820;4865;db20075596d8a2f1fd8a2e91a28228b14f95b2874f17936140dc6a9f24166e77;não
Sublogos Trabalhos Oficiais(1).rar;sublogos-trabalhos/2 Humor.png;2864066;5000;4971;67b1d2984ff75e27ee79d38c3cecb16a3ac0ad59398394062a8af46c2ea4bfd5;não
Sublogos Trabalhos Oficiais(1).rar;sublogos-trabalhos/3 Estudio de Voz.png;5011243;1487;4909;81764c367197d7687c9989cf4ae735a4f444dbf8676ebf8c699d6ed1ad10ce66;não
Sublogos Trabalhos Oficiais(1).rar;sublogos-trabalhos/4 Produção de Audio.png;3782662;4846;4944;e95670ef3eac9de281d492e6a17b5c795e53f2c0d38d80d5a386df613e494045;não
Sublogos Trabalhos Oficiais(1).rar;sublogos-trabalhos/5 Design Gráfico.png;3266402;4936;3082;b90b1ede2572d27c178e90520956bdbd797917d02f5a4638b993ce95919702a3;não
Sublogos Trabalhos Oficiais(1).rar;sublogos-trabalhos/6 Criação Digital.png;1977090;4403;4895;7f596ba983250c0c4bb9ee4f440e07976cad08b4ce22d1e5e9e7fafb6f5e3e8f;não
Sublogos Trabalhos Oficiais(1).rar;sublogos-trabalhos/7 Produções.png;2457876;3842;4927;5ce16b35ad1ecf36eca91af774b87268b08cca43955612aae890d1a6fe57ab8c;não
Sublogos Trabalhos Oficiais(1).rar;sublogos-trabalhos/8 Gravações Audiovisuais.png;2095456;5000;2604;14d149e592877068c56b2466aa03d819cceffd160e38b3c6b2b8368f656fd8f4;não
Sublogos Trabalhos Oficiais(1).rar;sublogos-trabalhos/9 Impressos.png;1196785;3955;3198;afbde879624798d76a313ac8d642f99828d7e07ac21e05bdfbecae42fe7ef882;não
Para Site(2).rar;para-site/Avalie a DLD.png;746791;2160;616;b433e385c63d624e0cbfdf2fec06014935db0474cf2dc5811f525714fe00d4e8;não
Para Site(2).rar;para-site/DLD Fotos Oficias Horizontais2.jpg;3698093;3840;2160;21cadacef1d3ef170a580649f85f5fec9af1da19a119f21b80f1cead69534f93;não
Para Site(2).rar;para-site/DLD Vinheta 2025-1.mp4;12857376;;;e1242ead3a65a89eb125513079ac21296dc55db05d9fa246e8f1e8a8f5dd75e4;não
Para Site(2).rar;para-site/Logo Inicial.png;27174968;11811;11811;e18b2e967b7068d95beb15babc933dca861d1bc1795311017ce93c73568af8b3;não
Para Site(2).rar;para-site/Sublogo Cabeçalho1.png;579404;3968;1017;257ab0b84f54f1daea342ab40795f58fe863f27a25fe3d2836c29be802a23981;não
Para Site(2).rar;para-site/Sublogo Cabeçalho2.png;330830;6003;3541;c4f1ed886b0566b0d99f0bec17796cf5aacda450671bb5c03372da2138a2e697;não
Para Site(2).rar;para-site/Sublogo Rodapé 1.png;649968;3968;1425;6536b157f2f234f4bdaef7f8a75be3dda1ebd56813be97018d60546cdbeef10a;não
Para Site(2).rar;para-site/Sublogo Rodapé 2.png;299831;3971;826;fd2ec67f2dabbf892a3d8f0f9a762d96b54381c0145226158d3042ce5a1e7ed3;não
Para Site(2).rar;para-site/1.png;1580271;3840;2160;bd9f8c6cd525fd9378cd8155780bdeb7eb0537d600bab0929955ad4ea3d51a6f;não
Para Site(2).rar;para-site/2.png;1899118;3840;2160;f6198531d1239102d7b9f6950daa6c7ddf874ee8c3bfa7299ed562efe946a2c1;não
Para Site(2).rar;para-site/3.png;1042093;3840;2160;d1528f500665dbb47a39e5a5cae63040b262e7446829c71afad2a5b8b19ba5ab;não
Para Site(2).rar;para-site/4.png;826639;3840;2160;43d0b32efd93e42243bc989bb7ab9f4a4dda2d53ababdddbe5ab7a66c0981c61;não
Para Site(2).rar;para-site/5.png;779553;3840;2160;b60f5d7d40a65ccf1125f454bcd4796d76580f4748bd0b5f055534c7188f6fc2;não
Para Site(2).rar;para-site/Amnstr degrade DLD.jpg;835443;3840;2160;d7436cb9923f1cedf86e59589e19f5c4cf4d2961a146a6261667ff5758ac134b;não
